subclass,2009,2010,2011,2012,2013,2014,2015,2016,2017
A00N,0,1,0,0,0,0,0,0,0
A01A,0,0,0,2,0,0,0,0,0
A01B,113,160,155,181,237,271,305,312,412
A01C,90,104,99,90,114,170,241,266,353
A01D,197,257,246,224,182,246,345,422,590
A01F,39,44,37,55,36,75,137,135,155
A01G,156,251,209,262,274,325,528,566,578
A01H,776,873,995,1236,1356,1496,1329,1223,1228
A01J,20,44,67,75,78,109,75,102,101
A01K,498,658,609,664,678,812,944,1072,1151
A01L,15,5,1,5,6,11,7,6,7
A01M,58,109,84,94,115,186,261,299,340
A01N,1130,1630,1730,2169,2652,2515,1583,1066,1175
A01P,4,10,22,80,86,84,28,19,11
A01Q,0,0,1,0,0,0,0,0,0
A01V,1,0,0,0,0,0,0,0,0
A02H,0,1,0,0,0,0,0,0,0
A03B,0,0,0,0,1,0,0,0,0
A04D,1,0,1,0,0,0,0,0,0
A04F,0,0,0,1,0,0,0,0,0
A06B,1,0,1,0,0,0,0,0,0
A06F,0,0,5,0,1,0,0,0,0
A06K,1,1,3,0,1,0,0,0,0
A06Q,0,1,0,0,0,0,0,0,0
A07H,0,1,0,0,0,0,0,0,0
A07K,2,3,0,0,0,0,0,0,0
A10C,0,0,1,0,0,0,0,0,0
A10G,0,1,0,0,0,0,0,0,0
A10K,0,0,0,0,1,0,0,0,0
A10N,0,1,0,1,1,0,0,0,0
A11B,0,0,0,0,1,0,0,0,0
A11C,1,0,0,0,0,0,0,0,0
A11F,0,0,1,0,0,0,0,0,0
A11N,0,0,1,1,0,0,0,0,0
A12D,1,0,0,0,0,0,0,0,0
A12Q,0,0,0,1,0,0,0,0,0
A16B,0,1,0,4,1,0,0,0,0
A16G,0,0,1,0,0,0,0,0,0
A16J,0,0,0,0,1,0,0,0,0
A16K,5,7,6,0,2,0,0,0,0
A21B,32,58,60,61,67,83,86,78,82
A21C,12,28,31,27,28,58,74,76,63
A21D,30,44,55,61,67,62,88,84,84
A21G,0,0,0,1,0,0,0,0,0
A22B,22,19,19,21,23,31,42,46,52
A22C,89,91,86,72,93,152,150,144,175
A22L,1,0,0,0,0,0,0,0,0
A23B,26,37,45,52,64,78,100,114,100
A23C,41,60,51,100,83,102,114,88,106
A23D,30,61,49,58,78,102,137,86,64
A23F,11,29,38,34,57,60,54,88,86
A23G,33,63,68,85,95,134,159,152,149
A23I,0,0,1,0,0,0,0,0,0
A23J,40,62,54,44,69,78,79,72,56
A23K,34,49,46,70,71,147,195,160,190
A23L,174,271,286,390,437,644,827,809,807
A23N,17,14,11,21,30,41,67,62,68
A23P,19,34,34,42,23,58,86,72,118
A24B,18,31,42,28,47,52,86,78,88
A24C,12,20,20,13,17,24,43,41,34
A24D,15,32,26,27,31,40,94,79,83
A24F,26,51,43,47,102,127,139,197,302
A26K,0,0,1,0,0,0,0,0,0
A26L,0,0,0,0,1,0,0,0,0
A27C,0,3,0,0,0,0,0,0,0
A31B,0,0,1,1,0,0,0,0,0
A31D,0,1,0,0,0,0,0,0,0
A31F,0,1,0,0,0,0,0,0,0
A31H,1,0,0,0,0,0,0,0,0
A31K,4,1,0,2,1,0,0,0,0
A31M,0,1,0,0,0,0,0,0,0
A35K,0,1,0,0,0,0,0,0,0
A36F,0,0,1,0,0,0,0,0,0
A37D,0,0,0,0,1,0,0,0,0
A41B,28,65,49,66,58,62,88,100,96
A41C,26,52,54,82,64,77,55,69,96
A41D,159,298,301,296,308,359,443,485,560
A41F,16,29,34,33,35,40,67,77,100
A41G,11,14,17,30,22,24,57,37,35
A41H,10,13,16,12,15,19,28,28,36
A41J,0,0,2,0,0,0,0,0,0
A41K,0,0,0,1,0,0,0,0,0
A41L,0,0,0,1,0,0,0,0,0
A42B,37,76,103,112,98,150,210,250,297
A42C,2,12,10,9,8,11,11,20,21
A42D,0,0,0,1,0,0,0,0,0
A42F,1,1,0,0,0,0,0,0,0
A43B,190,287,263,290,289,347,404,480,565
A43C,39,54,41,60,61,92,115,135,181
A43D,9,13,14,16,19,24,57,71,93
A43R,1,0,0,0,0,0,0,0,0
A44B,150,158,173,176,221,227,251,298,284
A44C,56,75,69,84,85,106,157,211,184
A44L,0,0,0,0,1,0,0,0,0
A45B,61,55,56,58,87,88,98,102,96
A45C,103,139,117,113,134,231,436,441,563
A45D,103,138,171,234,230,336,451,492,514
A45F,50,97,93,126,134,210,354,350,458
A45G,0,0,0,1,0,0,0,0,0
A45K,0,0,1,0,0,0,0,0,0
A46B,116,154,167,209,239,310,343,372,358
A46D,8,10,7,14,20,29,31,44,48
A46H,1,0,0,0,0,0,0,0,0
A47B,398,608,687,820,863,932,1134,1082,1148
A47C,510,641,598,626,643,829,978,866,889
A47D,65,96,76,90,112,143,206,157,151
A47F,193,310,358,325,368,468,543,550,585
A47G,296,437,374,458,473,629,793,832,835
A47H,48,102,89,93,121,113,138,91,87
A47J,207,338,300,351,429,640,821,847,975
A47K,117,179,205,256,215,308,408,502,569
A47L,291,371,362,372,506,663,801,838,850
A48C,0,0,1,0,0,0,0,0,0
A48K,0,0,0,1,0,0,0,0,0
A51B,1,0,0,0,0,0,0,0,0
A51C,0,0,0,0,1,0,0,0,0
A51K,1,2,0,0,0,0,0,0,0
A51M,0,0,0,0,1,0,0,0,0
A52B,1,0,0,0,0,0,0,0,0
A55F,0,0,1,0,0,0,0,0,0
A60F,0,0,0,0,2,0,0,0,0
A60K,1,1,0,1,0,0,0,0,0
A61A,5,5,1,2,0,0,0,0,0
A61B,2984,4952,5466,6875,7940,9717,11981,12251,13728
A61C,196,373,377,428,507,603,665,653,850
A61D,25,31,48,66,73,85,78,101,119
A61F,1528,2571,2968,3530,3767,4627,4926,5029,5198
A61G,207,216,191,240,253,384,619,593,663
A61H,145,197,218,264,293,369,512,616,740
A61J,31,49,42,71,93,272,484,568,670
A61K,6120,8396,8271,9825,11597,12399,11477,10736,11711
A61L,217,357,397,480,556,1010,1529,1534,1652
A61M,1205,2164,2305,2745,3190,3721,4358,4465,4998
A61N,833,1263,1422,1654,2065,2558,2759,2825,2877
A61P,386,559,640,915,1292,1202,748,538,383
A61Q,179,263,243,319,440,702,1055,1073,1164
A61U,0,1,0,0,0,0,0,0,0
A62B,150,213,270,358,438,378,411,304,304
A62C,89,161,108,121,170,244,271,292,300
A62D,38,61,83,81,72,90,64,64,77
A62G,0,0,0,0,1,0,0,0,0
A62H,0,0,0,1,0,0,0,0,0
A62K,1,2,1,0,0,0,0,0,0
A62L,0,0,1,0,0,0,0,0,0
A62M,0,0,0,0,1,0,0,0,0
A63A,1,0,2,0,1,0,0,0,0
A63B,1129,1538,1593,1338,1338,1734,1921,2108,2302
A63C,75,105,121,108,131,189,191,182,201
A63D,23,37,25,21,15,20,22,15,17
A63F,550,972,1031,1751,1864,1948,1696,1834,2128
A63G,31,85,89,74,89,115,119,119,131
A63H,190,252,272,243,267,324,417,397,472
A63J,10,18,21,17,15,25,47,47,56
A63K,1,6,3,1,6,7,12,8,13
A63Q,0,0,1,0,0,0,0,0,0
A64B,0,0,1,0,0,0,0,0,0
A64D,0,1,0,0,0,0,0,0,0
A64F,0,0,0,2,0,0,0,0,0
A64K,0,0,2,0,0,0,0,0,0
A65B,0,2,1,0,0,0,0,0,0
A65D,2,2,1,0,0,0,0,0,0
A66B,0,0,1,0,0,0,0,0,0
A66F,0,1,1,0,0,0,0,0,0
A67K,1,0,0,0,0,0,0,0,0
A67M,0,0,1,0,0,0,0,0,0
A68B,0,0,0,1,0,0,0,0,0
A68K,1,0,0,0,0,0,0,0,0
A69B,1,1,0,0,0,0,0,0,0
A69N,0,0,1,0,0,0,0,0,0
A81B,0,1,0,1,0,0,0,0,0
A81K,1,2,0,1,0,0,0,0,0
A91K,1,1,0,0,1,0,0,0,0
A99Z,0,0,0,1,0,0,0,0,0
B00B,0,0,0,1,1,0,0,0,0
B00D,0,0,0,1,0,0,0,0,0
B00J,1,0,0,0,0,0,0,0,0
B00K,1,0,0,0,0,0,0,0,0
B01A,0,2,0,0,0,0,0,0,0
B01B,1,3,2,3,8,12,10,10,11
B01C,0,0,1,0,0,0,0,0,0
B01D,1647,2163,2289,2640,2855,2941,3157,3176,3559
B01F,307,363,396,497,441,611,808,844,916
B01J,939,1412,1212,1379,1453,1770,2322,2353,2494
B01L,203,322,254,283,328,611,1072,1066,1177
B01M,1,0,0,0,0,0,0,0,0
B01N,0,2,2,0,0,0,0,0,0
B02B,24,25,25,18,13,10,20,13,10
B02C,235,288,340,288,281,331,305,339,293
B03B,24,22,26,33,36,56,64,64,73
B03C,85,104,101,99,139,180,209,207,198
B03D,14,13,18,33,40,53,56,67,76
B04B,40,53,79,79,69,72,100,110,101
B04C,5,7,7,10,12,32,67,59,75
B04D,0,0,0,1,0,0,0,0,0
B04N,1,0,0,0,0,0,0,0,0
B05B,335,523,462,470,564,843,1080,1184,1311
B05C,242,297,277,332,363,478,516,539,574
B05D,760,1116,1095,1384,1363,1446,1178,1073,1232
B06B,18,36,30,32,40,109,211,265,270
B06D,0,2,1,1,0,0,0,0,0
B06F,0,3,0,0,0,0,0,0,0
B06G,0,0,1,0,0,0,0,0,0
B06H,1,0,0,0,0,0,0,0,0
B06K,0,1,0,0,0,0,0,0,0
B06L,0,0,2,2,1,0,0,0,0
B06Q,0,0,1,1,0,0,0,0,0
B06R,1,0,0,0,0,0,0,0,0
B06T,1,0,0,1,1,0,0,0,0
B07B,61,70,85,88,79,127,160,139,167
B07C,71,85,93,76,92,129,177,171,164
B07F,1,0,0,1,0,0,0,0,0
B08B,372,500,579,601,673,732,797,739,872
B08C,1,0,0,0,0,0,0,0,0
B08F,1,0,0,2,0,0,0,0,0
B08J,0,1,0,0,0,0,0,0,0
B08L,0,0,0,1,0,0,0,0,0
B09B,29,37,25,29,37,51,93,86,89
B09C,10,23,14,17,21,38,68,47,83
B09D,0,0,0,1,0,0,0,0,0
B10D,0,0,0,0,2,0,0,0,0
B10L,1,0,0,0,0,0,0,0,0
B10T,0,0,1,0,0,0,0,0,0
B11B,1,0,0,1,0,0,0,0,0
B11J,0,0,0,0,1,0,0,0,0
B13B,1,0,0,0,0,0,0,0,0
B14B,0,0,0,1,0,0,0,0,0
B14J,0,0,0,2,0,0,0,0,0
B14M,0,0,2,0,2,0,0,0,0
B16B,0,0,0,0,1,0,0,0,0
B16K,0,1,0,0,0,0,0,0,0
B21B,62,73,98,139,136,114,169,171,200
B21C,43,73,74,85,79,92,161,146,168
B21D,402,448,538,661,684,719,731,686,717
B21F,44,53,61,58,72,61,69,85,81
B21G,1,4,3,2,3,4,3,5,7
B21H,11,2,5,11,12,25,23,24,42
B21J,61,71,85,74,72,107,152,147,172
B21K,87,108,100,119,149,167,149,130,132
B21L,11,6,1,8,6,8,9,7,3
B21P,0,0,0,1,1,0,0,0,0
B22B,2,2,2,0,2,0,0,0,0
B22C,38,69,83,72,72,96,108,119,134
B22D,126,165,211,262,203,238,334,314,423
B22F,160,200,166,166,174,242,329,416,481
B22K,0,0,0,1,0,0,0,0,0
B23B,277,296,352,354,393,491,489,489,579
B23C,100,82,96,89,141,175,193,211,245
B23D,73,93,97,118,106,161,243,233,311
B23F,8,8,8,13,18,31,59,56,48
B23G,3,3,6,9,12,18,32,28,32
B23H,48,57,47,61,56,66,79,82,78
B23K,464,779,683,835,951,1102,1429,1438,1744
B23O,1,0,0,0,0,0,0,0,0
B23P,425,582,648,777,741,1042,1133,1024,1065
B23Q,170,222,277,330,378,485,586,562,588
B24B,306,319,356,436,457,478,585,613,598
B24C,14,28,21,23,42,53,98,97,122
B24D,47,57,111,100,123,180,241,202,233
B24F,1,0,0,0,1,0,0,0,0
B24P,0,0,1,1,0,0,0,0,0
B24Q,0,0,0,1,1,0,0,0,0
B25B,201,296,374,491,578,594,764,652,750
B25C,101,107,108,106,113,74,65,68,104
B25D,43,73,72,81,76,83,122,92,107
B25F,12,38,37,50,56,129,236,239,260
B25G,71,80,87,109,121,135,171,166,172
B25H,19,19,28,10,24,64,153,184,211
B25J,114,134,140,197,244,434,884,1073,1253
B25P,0,0,0,1,0,0,0,0,0
B25Q,1,0,1,1,0,0,0,0,0
B25R,0,1,0,0,0,0,0,0,0
B26B,123,177,210,200,218,241,234,240,274
B26C,0,0,1,0,0,0,0,0,0
B26D,154,207,232,229,223,321,382,347,363
B26F,37,63,42,53,60,103,142,145,156
B26H,2,1,0,0,0,0,0,0,0
B26J,1,0,0,0,0,0,0,0,0
B26K,0,1,0,0,0,0,0,0,0
B27B,45,73,75,91,78,102,127,125,144
B27C,32,58,46,31,18,15,18,37,21
B27D,2,4,4,3,1,15,8,11,10
B27F,17,20,28,18,21,27,24,28,25
B27G,20,20,24,31,16,24,39,36,41
B27H,0,5,6,3,2,4,4,3,3
B27J,1,4,3,3,1,3,1,3,3
B27K,5,11,6,9,6,9,18,17,16
B27L,9,17,18,8,5,4,12,14,24
B27M,3,15,17,11,8,11,14,25,21
B27N,26,43,49,41,39,42,37,37,43
B28B,174,315,267,302,291,276,220,204,232
B28C,18,31,23,22,16,30,22,20,48
B28D,19,33,44,36,43,78,123,126,127
B28K,0,0,1,0,0,0,0,0,0
B29B,72,118,104,148,138,170,316,280,363
B29C,937,1565,1739,1794,1844,2490,3116,3413,3733
B29D,171,330,332,388,387,511,782,853,886
B29F,0,0,1,0,0,0,0,0,0
B29K,0,0,0,3,0,178,577,867,1270
B29L,1,0,0,0,1,257,856,1168,1585
B30B,73,69,87,88,92,142,161,179,205
B31B,98,117,95,106,135,141,206,178,173
B31C,13,13,18,14,18,12,16,10,12
B31D,8,13,10,5,17,28,60,69,62
B31F,56,85,85,105,119,84,114,100,71
B31J,1,0,0,1,0,0,0,0,0
B31V,0,1,0,0,0,0,0,0,0
B32B,1920,2912,3226,3355,3341,3142,2955,3008,3185
B32D,1,1,0,0,1,0,0,0,0
B32F,0,0,1,0,0,0,0,0,0
B32K,1,0,1,0,0,0,0,0,0
B32P,0,0,0,0,0,1,0,0,0
B33Y,0,0,0,0,0,0,34,189,561
B34B,0,0,0,1,0,0,0,0,0
B34D,0,0,0,0,1,0,0,0,0
B35C,0,0,1,0,0,0,0,0,0
B35D,1,0,0,1,0,0,0,0,0
B37B,0,0,1,1,0,0,0,0,0
B38B,0,0,1,1,0,0,0,0,0
B41B,7,7,11,10,6,9,9,2,1
B41C,17,18,17,19,23,55,86,67,51
B41D,0,2,1,3,0,4,2,3,1
B41F,149,166,165,163,183,307,345,355,271
B41G,1,2,1,0,2,3,0,0,1
B41J,1947,2547,2541,2599,2777,3383,3381,2824,2358
B41K,15,43,26,19,10,17,28,31,24
B41L,30,49,39,48,44,40,36,17,9
B41M,115,205,235,245,237,433,465,506,499
B41N,10,29,20,36,41,85,77,61,52
B42B,8,29,25,17,21,26,31,37,27
B42C,19,45,35,37,31,42,54,53,47
B42D,53,120,104,108,135,175,238,257,276
B42F,50,82,59,54,71,56,80,97,75
B42H,1,0,0,0,0,0,0,0,0
B42J,0,0,1,0,0,0,0,0,0
B42L,0,1,0,0,0,0,0,0,0
B42M,0,0,1,0,0,0,0,0,0
B43K,62,93,80,141,133,114,128,105,130
B43L,50,63,53,62,52,62,52,62,54
B43M,12,24,17,15,18,21,24,21,31
B44B,4,0,7,6,9,15,22,25,25
B44C,107,156,221,248,294,341,353,305,288
B44D,13,21,12,11,11,36,55,54,77
B44F,7,13,14,33,31,34,69,68,76
B44J,0,0,0,1,0,0,0,0,0
B46B,0,0,1,0,0,0,0,0,0
B46C,1,0,0,0,0,0,0,0,0
B46D,0,1,0,0,0,0,0,0,0
B46M,0,0,0,1,0,0,0,0,0
B47K,0,1,1,0,0,0,0,0,0
B47L,0,0,1,0,0,0,0,0,0
B49C,0,0,1,0,0,0,0,0,0
B50K,1,0,0,0,0,0,0,0,0
B52B,1,0,1,0,1,0,0,0,0
B52D,0,1,0,0,0,0,0,0,0
B52H,0,0,1,0,0,0,0,0,0
B52J,0,0,1,0,0,0,0,0,0
B54C,0,1,0,0,0,0,0,0,0
B55D,1,1,0,0,0,0,0,0,0
B56D,0,1,1,0,0,0,0,0,0
B56F,0,0,1,0,0,0,0,0,0
B56G,0,0,1,0,0,0,0,0,0
B56H,0,0,0,1,0,0,0,0,0
B60B,114,122,141,118,158,234,340,418,421
B60C,275,341,380,407,428,542,618,661,658
B60D,86,92,98,87,101,127,154,162,177
B60F,7,12,9,3,9,11,31,38,51
B60G,179,244,269,250,304,364,467,474,518
B60H,91,110,125,98,147,194,339,440,620
B60J,272,403,338,362,354,391,506,542,632
B60K,462,568,564,711,845,1275,2172,2190,2577
B60L,151,170,246,295,444,907,1775,2068,2410
B60M,4,6,6,11,8,24,41,47,62
B60N,284,355,339,359,407,601,1097,1027,1098
B60O,0,1,0,0,0,0,0,0,0
B60P,226,264,268,299,340,380,476,515,586
B60Q,372,469,449,500,603,728,963,1092,1295
B60R,932,1243,1066,1050,1257,1744,2585,2931,3483
B60S,93,106,108,154,157,184,275,301,382
B60T,259,318,345,431,509,724,1008,1003,1066
B60V,3,4,2,3,3,5,9,3,10
B60W,168,264,289,463,503,937,1937,1900,2267
B61B,30,47,34,52,55,66,68,68,87
B61C,13,16,22,27,33,58,92,71,96
B61D,53,66,67,84,87,100,102,124,139
B61F,20,14,18,28,31,47,51,82,62
B61G,18,18,16,15,24,29,27,22,33
B61H,4,3,9,13,11,22,33,46,60
B61J,4,3,1,5,3,3,10,5,4
B61K,6,11,11,10,20,23,41,30,36
B61L,22,37,28,39,46,91,179,176,242
B62A,0,1,0,0,0,0,0,0,0
B62B,188,186,179,236,292,343,467,418,419
B62C,6,6,4,13,14,14,6,9,8
B62D,718,940,860,901,1109,1500,2041,2096,2419
B62E,0,1,0,0,0,0,0,0,0
B62H,19,20,14,15,27,30,53,52,61
B62J,74,98,96,83,92,192,277,290,341
B62K,122,190,135,151,200,328,451,517,535
B62L,13,14,13,19,22,28,47,57,70
B62M,103,119,115,146,176,236,354,343,364
B62R,0,0,0,1,0,0,0,0,0
B62T,1,0,0,0,0,0,0,0,0
B63B,215,260,249,293,312,459,679,734,861
B63C,48,61,58,65,68,104,163,165,162
B63D,0,0,0,1,0,0,0,0,0
B63G,16,28,31,42,46,70,87,120,119
B63H,189,183,207,338,247,321,345,385,455
B63J,1,1,5,3,6,24,41,51,64
B64B,15,15,25,23,21,34,64,61,72
B64C,250,346,467,679,681,834,1164,1202,1593
B64D,162,188,281,295,317,592,1093,1201,1669
B64F,26,29,26,31,47,85,227,258,349
B64G,49,66,72,85,86,108,161,203,210
B64H,1,0,0,1,0,0,0,0,0
B64N,0,0,0,0,1,0,0,0,0
B65B,550,681,602,719,742,762,921,989,1026
B65C,22,42,48,38,43,81,103,90,101
B65D,1285,1894,1853,1988,2485,2944,2969,3149,3391
B65F,22,19,20,21,24,68,129,138,160
B65G,523,680,662,638,799,1048,1348,1441,1599
B65H,921,1125,1259,1183,1260,1270,1262,1101,1180
B65K,0,1,0,0,0,0,0,0,0
B66B,164,165,151,156,153,191,234,239,356
B66C,116,140,122,149,194,268,341,344,371
B66D,77,83,62,50,59,76,111,108,132
B66F,59,84,87,134,188,215,337,319,353
B66H,0,0,0,0,1,0,0,0,0
B67B,37,69,58,68,130,107,105,89,84
B67C,19,17,21,37,39,95,101,108,104
B67D,185,311,282,365,466,478,509,535,508
B68B,10,7,6,6,6,4,7,10,5
B68C,20,7,10,17,10,9,9,17,11
B68F,0,0,0,0,0,0,1,0,0
B68G,23,20,17,19,29,30,39,29,24
B69R,1,0,0,0,0,0,0,0,0
B80B,0,1,0,0,0,0,0,0,0
B81B,12,8,5,11,14,125,368,408,486
B81C,6,5,11,13,13,154,448,490,477
B82B,34,34,30,23,21,35,44,35,44
B82Y,0,0,3,30,111,1051,2404,2043,1715
B85D,1,1,0,0,0,0,0,0,0
B95D,0,0,1,0,0,0,0,0,0
C00D,1,1,0,0,0,0,0,0,0
C00H,0,0,1,0,0,0,0,0,0
C01B,449,673,636,691,854,1025,1538,1508,1643
C01C,16,29,33,41,52,52,51,56,64
C01D,40,42,47,58,56,67,83,72,67
C01F,103,110,104,101,127,118,138,149,156
C01G,133,188,169,192,213,267,403,457,441
C01H,3,2,0,1,0,0,0,0,0
C01J,1,2,1,1,1,0,0,0,0
C01K,1,0,0,1,0,0,0,0,0
C01L,1,1,1,2,0,0,0,0,0
C01M,2,1,1,1,0,0,0,0,0
C01N,3,0,2,2,0,0,0,0,0
C01P,1,0,1,0,3,0,0,0,0
C02B,2,1,1,0,1,0,0,0,0
C02C,0,2,0,0,1,0,0,0,0
C02F,468,599,535,585,627,816,955,1046,1248
C02K,0,0,1,0,0,0,0,0,0
C02N,0,0,1,0,0,0,0,0,0
C02Q,0,1,0,0,0,0,0,0,0
C03B,130,216,244,268,276,376,420,414,496
C03C,235,301,329,354,378,549,720,666,806
C03F,0,2,1,0,0,0,0,0,0
C03G,2,0,0,0,0,0,0,0,0
C04B,304,499,483,593,623,631,731,674,754
C04C,0,1,0,0,0,0,0,0,0
C04D,0,0,1,1,0,0,0,0,0
C05B,4,11,11,12,12,23,20,23,20
C05C,9,19,19,18,21,32,22,29,30
C05D,6,18,24,36,29,42,34,20,24
C05F,14,28,35,38,40,50,69,83,61
C05G,1,0,2,0,1,18,47,54,49
C05K,0,0,0,0,1,0,0,0,0
C06B,17,56,90,86,69,59,48,54,68
C06C,7,15,15,17,3,7,15,11,14
C06D,2,9,9,10,13,15,26,19,20
C06F,5,1,0,1,0,0,0,0,0
C06G,1,0,0,0,0,0,0,0,0
C06Q,0,1,2,0,0,0,0,0,0
C07B,28,58,49,56,38,58,129,127,142
C07C,1570,1828,1886,2109,2456,2452,2101,2002,1921
C07D,2988,3638,3642,4165,4543,4827,5424,4762,4911
C07F,388,480,493,501,645,795,1144,1041,1051
C07G,22,21,33,31,28,35,26,44,37
C07H,1551,2007,2044,1955,1962,1963,1414,1093,1000
C07J,41,57,60,59,64,89,113,124,138
C07K,1666,1809,1789,1814,2059,2844,3967,3987,4161
C07L,0,1,0,0,0,0,0,0,0
C07M,0,0,1,0,0,0,0,0,0
C07N,0,2,0,1,0,0,0,0,0
C07P,0,0,1,0,1,0,0,0,0
C07Q,1,0,2,0,0,0,0,0,0
C08B,66,136,115,162,186,210,254,288,243
C08C,46,59,75,50,75,42,46,37,46
C08D,0,2,3,0,0,0,0,0,0
C08E,1,0,0,0,0,0,0,0,0
C08F,796,1360,1319,1329,1567,1344,964,918,989
C08G,640,1073,1144,1191,1418,1612,1642,1652,1642
C08H,15,32,18,12,23,39,80,102,86
C08I,1,0,1,0,0,0,0,0,0
C08J,246,447,456,504,470,624,850,980,1075
C08K,545,801,845,850,947,1096,992,1051,1090
C08L,630,953,1090,1086,1264,1370,1161,1157,1186
C08Q,0,0,0,0,1,0,0,0,0
C09B,117,134,160,139,139,201,327,301,330
C09C,53,108,114,110,109,185,248,209,227
C09D,367,489,459,481,548,939,1479,1592,1729
C09F,4,9,8,9,8,15,5,17,14
C09G,21,13,18,6,23,46,73,87,88
C09H,1,2,2,2,2,6,3,3,3
C09J,63,94,125,144,187,309,419,521,571
C09K,690,988,1037,1003,1100,1390,1882,1783,2065
C09L,0,0,1,0,0,0,0,0,0
C09N,0,0,1,0,0,0,0,0,0
C10B,22,31,41,48,70,75,149,130,124
C10C,13,10,26,21,13,20,38,23,18
C10F,0,1,0,2,0,1,2,1,2
C10G,206,288,286,256,317,515,802,822,806
C10H,1,1,0,0,0,1,0,1,0
C10J,35,50,61,76,66,105,223,182,147
C10K,6,7,7,12,7,36,136,126,108
C10L,124,162,180,224,264,353,461,471,467
C10M,116,204,241,231,247,238,186,215,234
C10N,0,0,0,2,0,2,1,1,6
C11B,33,33,25,42,61,136,231,201,205
C11C,30,18,23,26,38,69,103,103,77
C11D,364,384,453,433,408,529,520,533,544
C11N,0,0,0,0,1,0,0,0,0
C11P,0,0,4,0,0,0,0,0,0
C11Q,1,1,0,0,0,0,0,0,0
C12B,0,0,0,1,0,0,0,0,0
C12C,6,16,14,18,25,27,25,45,32
C12D,0,0,1,1,0,0,0,0,0
C12F,1,0,2,1,2,3,13,11,12
C12G,6,7,8,13,7,12,22,31,32
C12H,6,6,7,6,6,17,24,27,24
C12J,0,1,1,1,0,1,0,4,2
C12K,1,0,2,1,0,0,0,0,0
C12M,287,466,487,450,454,608,654,585,647
C12N,2558,3024,3085,3585,3841,4607,4827,4955,5212
C12O,1,0,0,0,0,0,0,0,0
C12P,1253,1548,1670,1705,1680,1754,1618,1513,1407
C12Q,1353,1755,1783,1698,1820,1915,1948,1876,2122
C12R,1,0,0,0,3,41,118,154,140
C12S,5,7,9,8,12,9,6,2,1
C13B,1,0,5,12,11,15,19,16,31
C13D,1,13,4,0,0,0,0,0,0
C13F,2,3,0,0,0,0,0,0,0
C13J,1,3,0,0,0,0,0,0,0
C13K,9,10,18,22,37,35,71,82,89
C13N,0,0,1,2,0,0,0,0,0
C14B,3,6,5,3,2,7,4,11,6
C14C,6,6,4,9,8,17,8,10,8
C15N,0,0,0,0,1,0,0,0,0
C17H,0,0,1,0,0,0,0,0,0
C17K,0,1,0,1,0,0,0,0,0
C19H,0,0,0,1,0,0,0,0,0
C19P,0,1,0,0,0,0,0,0,0
C21B,45,56,74,68,71,76,93,62,64
C21C,49,47,51,50,46,39,65,68,79
C21D,74,121,121,157,148,212,353,389,535
C21F,0,1,0,0,0,0,0,0,0
C21N,0,0,0,0,1,0,0,0,0
C21P,0,0,0,1,0,0,0,0,0
C22B,116,152,139,139,160,218,281,262,299
C22C,214,314,272,329,373,522,772,899,1065
C22D,1,1,2,0,0,0,0,0,0
C22F,53,63,64,83,73,102,167,218,249
C23B,1,0,0,0,0,0,0,0,0
C23C,561,889,922,1062,1133,1573,2174,2149,2515
C23D,3,2,0,3,0,0,6,4,6
C23F,187,275,333,358,417,417,392,330,354
C23G,8,17,35,33,23,36,41,54,42
C23P,0,0,0,1,0,0,0,0,0
C25B,96,167,204,227,249,228,297,272,292
C25C,30,45,45,55,46,57,83,53,72
C25D,129,196,204,263,225,252,408,437,575
C25F,53,43,43,46,71,54,73,55,82
C27C,0,0,0,0,1,0,0,0,0
C28J,0,0,0,1,0,0,0,0,0
C29C,0,0,2,0,0,0,0,0,0
C30B,180,206,174,215,231,333,478,479,524
C30C,0,0,0,1,0,0,0,0,0
C32F,0,0,0,1,0,0,0,0,0
C33C,0,0,0,1,0,0,0,0,0
C40B,36,91,95,83,129,248,212,194,178
C61F,0,0,1,0,0,0,0,0,0
C61K,1,1,0,1,2,0,0,0,0
C61P,0,0,0,0,1,0,0,0,0
C65B,0,0,1,0,0,0,0,0,0
C70C,1,0,0,0,0,0,0,0,0
C70D,0,0,0,1,1,0,0,0,0
C70H,0,0,0,0,1,0,0,0,0
C70K,0,0,0,1,1,0,0,0,0
C90K,1,1,0,0,0,0,0,0,0
C93B,2,0,0,0,0,0,0,0,0
C97H,0,0,0,0,1,0,0,0,0
C98K,0,0,0,0,1,0,0,0,0
D00H,0,1,0,0,0,0,0,0,0
D01B,5,7,4,7,7,5,6,1,6
D01C,12,18,14,13,19,11,7,3,3
D01D,31,64,75,57,71,99,160,179,171
D01F,70,134,116,102,106,141,230,242,265
D01G,24,33,25,10,13,12,22,16,31
D01H,17,24,20,12,16,19,10,27,34
D02F,0,0,1,0,0,0,0,0,0
D02G,72,109,117,125,103,96,82,91,91
D02H,1,3,2,1,0,1,1,6,6
D02J,10,12,9,19,7,25,34,36,30
D03C,22,13,5,3,5,9,8,6,10
D03D,106,145,152,165,136,145,151,161,214
D03J,7,7,6,7,5,5,7,4,5
D04B,86,84,72,44,56,55,81,116,149
D04C,5,9,8,14,20,36,27,25,41
D04D,0,1,2,1,1,3,8,5,13
D04G,0,0,1,3,1,0,6,1,2
D04H,94,158,165,148,133,144,229,248,243
D04N,0,1,0,0,0,0,0,0,0
D05B,60,67,84,99,61,103,116,102,102
D05C,27,28,35,42,35,67,56,40,46
D05D,0,0,0,0,1,0,0,0,0
D06B,16,14,20,19,13,19,19,35,48
D06C,14,29,16,23,26,24,24,49,46
D06F,160,188,202,234,251,300,472,495,581
D06G,1,1,1,0,0,3,1,1,3
D06H,1,1,2,1,1,3,15,17,14
D06J,0,1,1,1,2,1,1,1,0
D06L,18,16,22,38,20,29,28,14,19
D06M,30,51,73,50,47,101,165,162,205
D06N,7,20,22,33,39,35,59,71,70
D06P,16,29,33,18,36,35,71,59,78
D06Q,0,1,0,0,2,7,7,17,14
D07B,7,4,0,1,7,17,26,33,34
D07D,1,0,0,0,0,0,0,0,0
D12P,0,0,0,0,1,0,0,0,0
D21B,6,10,11,18,9,24,39,30,37
D21C,30,38,62,80,72,130,131,120,119
D21D,4,8,1,4,5,12,26,16,19
D21F,127,132,140,155,98,112,81,108,100
D21G,4,18,24,15,7,18,22,34,28
D21H,96,148,146,153,200,247,276,312,320
D21J,1,5,6,5,2,7,10,6,16
D23C,0,0,0,0,1,0,0,0,0
D24D,0,0,1,0,0,0,0,0,0
D24J,0,0,1,0,0,0,0,0,0
D26D,0,0,1,0,0,0,0,0,0
D28D,0,0,1,0,0,0,0,0,0
D30D,0,0,0,0,1,0,0,0,0
D60F,0,0,0,0,1,0,0,0,0
D62D,0,0,0,2,1,0,0,0,0
E01B,37,67,57,62,76,100,97,98,93
E01C,119,134,147,149,198,234,314,324,342
E01D,42,42,54,53,58,73,45,63,68
E01F,76,93,82,81,86,100,125,140,149
E01H,65,107,64,49,47,81,131,132,143
E01L,0,0,0,1,0,0,0,0,0
E02B,90,100,89,95,119,183,219,257,267
E02C,1,1,0,3,2,3,3,1,1
E02D,137,183,177,156,232,287,352,341,373
E02F,125,170,121,112,120,328,677,659,739
E02H,1,0,0,0,1,0,0,0,0
E02S,0,1,0,0,0,0,0,0,0
E03B,24,58,41,80,106,104,136,180,172
E03C,35,48,51,67,77,116,245,308,343
E03D,33,55,86,126,106,112,145,198,226
E03F,25,25,36,19,26,62,113,131,178
E04B,357,594,522,661,857,1050,1088,1011,940
E04C,180,315,254,351,344,445,496,469,480
E04D,91,159,132,189,275,320,363,311,294
E04E,0,0,1,0,0,0,0,0,0
E04F,99,127,137,166,194,349,568,575,579
E04G,141,221,199,240,306,329,373,319,368
E04H,265,344,327,375,475,609,786,801,862
E05B,204,248,265,290,354,495,675,765,872
E05C,151,181,168,205,264,321,358,335,383
E05D,162,194,208,210,220,279,384,405,443
E05F,118,133,126,163,244,297,384,403,505
E05G,3,12,5,10,24,19,41,54,38
E05Y,0,0,0,0,1,0,0,0,0
E06A,1,0,0,0,0,0,0,0,0
E06B,189,284,250,324,393,531,672,750,781
E06C,19,29,51,63,72,88,88,91,110
E06E,0,0,1,0,0,0,0,0,0
E06G,1,1,0,1,0,0,0,0,0
E06H,1,0,0,0,0,0,0,0,0
E09G,0,1,0,0,0,0,0,0,0
E09H,0,0,0,1,0,0,0,0,0
E09K,1,1,0,0,0,0,0,0,0
E09O,1,0,0,0,0,0,0,0,0
E20F,1,0,0,0,0,0,0,0,0
E21B,1133,1721,1559,1743,1900,2373,3001,3145,3519
E21C,34,42,49,40,84,92,111,102,89
E21D,27,37,28,38,37,69,75,60,57
E21F,7,16,16,13,18,34,50,48,80
E23C,0,0,0,1,0,0,0,0,0
E32B,0,0,0,1,0,0,0,0,0
E36B,1,1,0,0,0,0,0,0,0
E44G,0,0,0,0,1,0,0,0,0
E45B,1,0,0,0,0,0,0,0,0
E47B,0,1,0,0,0,0,0,0,0
E55D,0,0,0,0,1,0,0,0,0
E55F,0,1,0,0,0,0,0,0,0
E60B,0,1,0,0,0,0,0,0,0
E60J,1,0,0,1,0,0,0,0,0
E60R,0,0,0,1,0,0,0,0,0
E61H,1,0,0,0,0,0,0,0,0
E63B,1,0,0,0,0,0,0,0,0
E63C,0,1,0,1,0,0,0,0,0
E66C,1,0,0,0,0,0,0,0,0
F00B,0,0,0,0,1,0,0,0,0
F01B,112,147,136,159,178,205,177,119,158
F01C,78,88,91,126,137,164,226,199,250
F01D,394,451,583,924,774,1206,1591,1592,2074
F01F,0,1,0,0,0,0,0,0,0
F01G,0,0,0,0,1,0,0,0,0
F01J,0,1,0,0,0,0,0,0,0
F01K,38,67,90,98,144,262,247,314,378
F01L,233,308,293,324,327,428,449,369,438
F01M,60,87,106,135,127,172,253,256,306
F01N,400,542,560,690,767,940,1178,1098,1267
F01P,65,78,70,105,115,184,260,270,373
F01V,0,1,0,0,0,0,0,0,0
F02B,427,531,545,623,713,871,1152,1166,1263
F02C,290,362,353,460,533,736,927,977,1164
F02D,313,395,372,470,475,762,1588,1709,1941
F02F,62,76,73,76,115,178,203,204,299
F02G,66,142,135,139,170,211,176,91,101
F02H,0,0,1,0,0,0,0,0,0
F02J,0,1,0,0,0,0,0,0,0
F02K,124,158,155,160,183,225,336,282,341
F02M,543,616,541,556,623,744,1256,1394,1629
F02N,73,95,58,78,115,182,328,343,376
F02P,76,132,108,121,111,142,190,286,327
F03B,96,126,206,311,268,292,247,236,288
F03C,94,96,105,123,119,129,130,126,147
F03D,136,208,374,527,404,573,635,629,758
F03G,31,36,46,61,105,160,213,223,275
F03H,13,11,6,9,10,16,23,27,20
F03K,1,0,0,0,0,0,0,0,0
F03M,0,0,0,1,0,0,0,0,0
F03P,0,1,1,0,2,0,0,0,0
F03R,0,1,0,0,0,0,0,0,0
F04B,320,419,474,795,717,771,904,899,1049
F04C,122,120,125,168,146,225,399,350,474
F04D,151,201,275,505,358,631,955,959,1368
F04F,23,22,26,47,46,54,64,60,95
F04L,0,0,0,1,0,0,0,0,0
F05F,0,0,1,0,0,0,0,0,0
F06E,0,0,1,0,0,0,0,0,0
F06F,3,5,0,5,1,0,0,0,0
F06Q,0,2,0,0,0,0,0,0,0
F09F,0,1,0,0,1,0,0,0,0
F09V,0,0,0,1,0,0,0,0,0
F10L,1,0,0,0,0,0,0,0,0
F11C,0,1,0,0,0,0,0,0,0
F11D,1,0,0,0,0,0,0,0,0
F11L,0,1,0,0,0,0,0,0,0
F12H,1,0,0,0,0,0,0,0,0
F12V,0,0,1,0,0,0,0,0,0
F13B,1,0,0,0,0,0,0,0,0
F14B,0,1,0,0,0,0,0,0,0
F14D,0,0,0,0,1,0,0,0,0
F15B,126,132,133,121,157,271,489,554,629
F15C,9,29,17,29,40,37,35,21,25
F15D,11,22,21,35,39,52,63,84,73
F15F,0,0,1,0,0,0,0,0,0
F15K,0,0,0,1,0,0,0,0,0
F16B,222,386,362,415,553,735,1172,1364,1579
F16C,368,447,446,592,663,932,1147,1139,1336
F16D,527,588,645,797,806,1027,1377,1283,1477
F16F,141,211,255,314,390,552,825,908,970
F16G,61,100,114,96,104,130,190,186,153
F16H,763,988,1075,1249,1479,1747,2353,2261,2636
F16I,0,1,0,0,0,0,0,0,0
F16J,117,197,234,254,302,351,547,595,705
F16K,537,684,678,938,1121,1284,1577,1614,1724
F16L,637,794,718,747,830,1089,1464,1526,1758
F16M,225,278,272,317,335,455,872,1053,1207
F16N,13,33,36,41,55,76,120,128,139
F16P,3,5,7,17,15,35,61,58,67
F16S,1,0,1,0,0,0,1,1,7
F16T,4,5,5,4,8,8,12,13,9
F17B,0,1,0,1,0,1,1,1,0
F17C,73,47,62,63,97,140,215,274,301
F17D,25,21,39,49,82,110,198,176,168
F17J,0,0,2,0,0,0,0,0,0
F17K,0,1,0,0,0,0,0,0,0
F17N,0,0,0,1,0,0,0,0,0
F18H,1,0,0,0,0,0,0,0,0
F20C,1,0,0,0,0,0,0,0,0
F20F,0,0,1,0,0,0,0,0,0
F21B,1,1,0,2,0,0,0,0,0
F21C,0,0,1,0,0,0,0,0,0
F21D,0,3,0,0,1,0,0,0,0
F21F,2,1,1,0,1,0,0,0,0
F21G,0,2,0,0,0,0,0,0,0
F21H,0,0,0,0,0,1,0,1,0
F21K,8,8,8,7,11,216,672,782,696
F21L,70,115,74,103,118,143,178,155,189
F21N,0,1,0,0,0,0,0,0,0
F21S,163,242,256,264,317,583,974,1036,1313
F21V,1121,1485,1385,1536,2008,2393,2992,3028,3425
F21W,0,0,1,0,1,90,307,399,561
F21Y,2,0,0,0,1,341,1072,1261,1605
F22B,36,40,36,51,47,101,168,206,229
F22D,2,7,1,5,7,9,31,24,23
F22F,0,1,0,0,0,0,0,0,0
F22G,4,1,6,3,2,5,23,20,23
F23B,10,20,15,15,20,21,23,19,19
F23C,28,27,30,29,41,84,150,161,176
F23D,78,113,96,82,122,166,254,240,277
F23G,19,37,20,31,33,51,104,98,108
F23H,2,4,4,8,8,9,10,2,7
F23J,29,23,23,28,26,62,112,117,127
F23K,4,19,8,24,16,40,72,57,66
F23L,17,12,14,25,21,34,81,99,123
F23M,10,24,20,20,26,33,55,48,49
F23N,25,38,40,45,54,97,131,162,177
F23Q,39,51,58,61,61,60,78,88,86
F23R,30,19,18,20,50,118,313,366,278
F24B,15,23,23,26,32,43,36,53,52
F24C,42,93,83,86,117,178,265,248,288
F24D,14,23,32,31,43,97,146,218,227
F24F,118,136,114,132,126,314,710,835,1165
F24H,62,78,82,92,97,146,205,285,332
F24J,30,58,87,147,151,279,510,470,451
F24K,0,0,0,0,1,0,0,0,0
F24L,0,0,1,0,1,0,0,0,0
F25B,243,405,366,377,427,484,662,798,1171
F25C,51,70,51,65,103,107,127,146,158
F25D,158,325,332,304,368,473,689,679,869
F25E,1,0,0,0,0,0,0,0,0
F25F,1,0,0,1,0,0,0,0,0
F25H,0,0,1,0,0,0,0,0,0
F25J,58,22,24,34,64,77,97,103,163
F26B,101,126,193,227,245,281,313,304,317
F26G,0,0,0,0,1,0,0,0,0
F27B,72,105,84,108,102,133,205,203,231
F27D,41,70,56,72,91,172,270,244,312
F28B,4,8,8,8,6,13,25,31,49
F28C,4,8,3,2,6,15,38,46,62
F28D,156,208,178,180,215,325,541,633,824
F28E,0,1,0,0,0,0,0,0,0
F28F,248,284,276,318,305,358,549,612,836
F28G,2,7,9,13,11,18,31,36,41
F29B,0,0,2,0,0,0,0,0,0
F29V,1,0,0,0,0,0,0,0,0
F30D,0,0,1,0,0,0,0,0,0
F31B,0,1,0,0,1,0,0,0,0
F33G,1,0,0,0,0,0,0,0,0
F41A,132,200,223,259,302,406,465,544,565
F41B,95,169,156,154,165,208,236,270,250
F41C,59,87,86,128,135,189,218,277,260
F41F,28,28,34,30,39,26,37,29,40
F41G,109,127,118,153,182,200,282,324,312
F41H,55,82,113,111,153,189,325,288,306
F41J,20,26,25,24,36,50,65,53,79
F42B,168,215,258,314,307,315,422,429,433
F42C,34,42,42,50,47,50,64,81,81
F42D,7,12,11,15,22,30,60,67,77
F47C,0,1,0,0,0,0,0,0,0
F47G,0,1,0,0,0,0,0,0,0
F47K,0,0,0,1,0,0,0,0,0
F59H,0,0,0,1,0,0,0,0,0
F60H,0,1,0,0,0,0,0,0,0
F60J,0,1,0,0,0,0,0,0,0
F60Q,0,0,0,1,0,0,0,0,0
F61F,1,0,0,0,0,0,0,0,0
F61K,0,0,1,1,0,0,0,0,0
F64A,0,1,0,0,0,0,0,0,0
F66B,0,0,1,0,0,0,0,0,0
F99Z,0,0,0,1,0,0,0,0,0
G00B,0,1,0,0,0,0,0,0,0
G00F,3,1,1,5,2,0,0,0,0
G00G,2,3,1,0,0,0,0,0,0
G00L,0,0,0,1,0,0,0,0,0
G00O,0,1,0,0,0,0,0,0,0
G00Q,0,1,0,0,0,0,0,0,0
G00S,0,1,0,0,0,0,0,0,0
G00T,0,0,0,1,0,0,0,0,0
G01B,1320,1319,1246,1174,1275,1493,1890,2055,2275
G01C,812,998,1032,1268,1508,1910,2518,2615,2987
G01D,400,439,425,423,484,751,1143,1213,1400
G01E,0,0,0,1,0,0,0,0,0
G01F,458,516,537,548,653,756,893,1038,1036
G01G,104,107,91,102,105,164,202,239,241
G01H,38,67,42,71,61,91,165,212,248
G01J,792,841,789,874,966,1191,1466,1577,1531
G01K,279,326,265,342,313,398,512,619,763
G01L,418,466,454,457,562,696,887,1025,1240
G01M,461,557,625,659,726,902,1072,1148,1408
G01N,3726,4953,4864,5004,5248,6443,8577,8882,9917
G01O,0,0,1,0,0,0,0,0,0
G01P,249,285,283,298,311,399,589,612,741
G01Q,0,32,45,64,92,109,92,108,94
G01R,2451,3003,2792,2740,3085,3689,4261,4635,5342
G01S,786,815,919,926,815,1431,2711,2864,3408
G01T,266,330,251,269,423,530,618,628,659
G01V,747,860,770,823,918,1048,1153,1339,1645
G01W,29,35,43,31,40,46,94,89,101
G02B,3649,3893,3444,3456,3897,5232,7085,7972,8924
G02C,233,253,258,271,249,361,433,414,561
G02D,2,1,2,1,0,0,0,0,0
G02F,2000,2454,2496,2536,2517,2868,3721,4061,4550
G02G,3,1,1,0,0,0,0,0,0
G02H,1,1,0,0,1,0,0,0,0
G02K,1,0,0,0,0,0,0,0,0
G02R,0,1,0,0,0,0,0,0,0
G03B,1526,1817,1912,1853,1837,2113,2347,2263,2320
G03C,239,239,217,149,152,113,76,60,37
G03D,36,47,28,17,23,12,16,7,7
G03F,889,1156,1104,1169,1105,1746,2152,2038,1987
G03G,1802,2353,2465,2684,2805,3371,3851,3438,2580
G03H,114,146,141,144,136,156,159,171,202
G03K,0,0,0,2,1,0,0,0,0
G03L,0,0,1,0,0,0,0,0,0
G03N,0,0,0,1,0,0,0,0,0
G03Q,0,1,0,0,0,0,0,0,0
G03R,0,0,1,0,0,0,0,0,0
G03V,0,0,0,1,0,0,0,0,0
G04B,163,164,150,155,188,225,238,248,248
G04C,33,63,46,50,61,82,101,77,101
G04D,1,1,1,1,0,9,15,29,20
G04F,46,48,58,65,48,74,116,153,120
G04G,6,4,6,0,10,57,129,157,196
G04H,0,1,0,0,0,0,0,0,0
G04J,0,1,0,0,0,0,0,0,0
G04K,2,0,0,1,2,0,0,0,0
G04L,3,2,3,1,1,0,0,0,0
G04N,2,0,0,3,0,0,0,0,0
G04Q,0,1,1,1,0,1,0,0,0
G04R,2,0,0,0,3,17,52,60,59
G04V,0,1,0,0,0,0,0,0,0
G04W,0,0,0,0,1,0,0,0,0
G05B,629,817,969,1104,1296,1597,2089,2315,3068
G05C,1,0,0,0,0,0,0,0,0
G05D,439,702,724,958,1297,1547,1981,2070,2678
G05F,907,1025,1074,1070,1169,1169,1134,1175,1144
G05G,91,121,126,115,130,199,253,253,271
G05J,0,1,0,0,0,0,0,0,0
G05K,1,0,2,1,0,0,0,0,0
G05M,0,1,0,0,0,0,0,0,0
G05N,0,0,1,0,0,0,0,0,0
G05O,0,0,1,0,0,0,0,0,0
G05Q,1,1,1,2,0,0,0,0,0
G05R,0,0,0,1,0,0,0,0,0
G06A,0,0,1,0,0,0,0,0,0
G06B,7,9,4,10,3,0,0,0,0
G06C,14,11,17,10,7,12,11,3,9
G06D,3,2,7,4,5,7,1,3,5
G06E,90,105,102,100,88,58,69,43,32
G06F,22928,30827,31448,37499,41582,49921,52478,53385,54460
G06G,385,572,663,839,990,961,707,488,463
G06H,1,2,1,0,0,0,0,0,0
G06I,0,0,0,0,1,0,0,0,0
G06J,3,5,3,7,8,3,6,2,3
G06K,4572,5578,6200,8128,8509,8785,9597,9257,10154
G06L,1,2,0,0,2,0,0,0,0
G06M,48,61,42,54,50,49,63,52,43
G06N,355,418,477,486,564,804,1220,1464,1594
G06O,1,1,1,2,1,0,0,0,0
G06P,2,0,0,1,1,0,0,0,0
G06Q,1750,3551,3861,4941,6147,7173,7915,8167,10178
G06R,2,0,3,3,1,0,0,0,0
G06S,0,0,1,0,0,0,0,0,0
G06T,707,794,826,1026,1218,3028,6171,7494,8590
G06V,0,0,1,1,0,0,0,0,0
G06Y,0,1,0,0,0,0,0,0,0
G06Z,0,1,0,0,0,0,0,0,0
G07B,61,98,121,146,143,162,160,140,175
G07C,20,26,38,61,67,321,888,1136,1500
G07D,77,116,102,121,122,172,285,257,279
G07F,193,370,314,383,486,1098,1770,1795,1909
G07G,30,57,43,34,40,51,120,122,155
G07K,2,0,3,1,0,0,0,0,0
G07N,0,0,1,0,0,0,0,0,0
G07Q,0,2,1,0,2,0,0,0,0
G08B,1538,1822,1883,2073,2145,2322,2532,2523,3166
G08C,266,411,448,660,681,787,841,803,954
G08F,4,3,5,4,2,0,0,0,0
G08G,273,304,361,373,512,873,1350,1389,1819
G08J,0,0,1,0,0,0,0,0,0
G08K,0,0,1,0,0,0,0,0,0
G08L,0,0,0,1,0,0,0,0,0
G08Q,1,0,1,0,1,0,0,0,0
G09A,0,0,0,0,1,0,0,0,0
G09B,175,232,260,375,504,646,831,1024,1241
G09C,24,50,35,38,27,33,66,101,138
G09D,2,5,6,3,7,4,2,2,8
G09F,276,421,421,437,431,705,847,742,813
G09G,2421,3013,3064,3774,4121,4654,5059,4748,5138
G09K,2,2,6,2,2,0,0,0,0
G09Q,1,0,1,0,0,0,0,0,0
G09T,1,4,0,1,2,0,0,0,0
G10B,1,1,1,2,0,1,1,1,1
G10C,25,41,13,14,29,29,33,27,16
G10D,212,238,161,173,149,197,218,253,233
G10F,8,12,8,6,8,2,11,11,8
G10G,18,19,11,12,10,26,68,69,79
G10H,218,243,240,188,200,293,340,338,374
G10I,0,2,1,0,1,0,0,0,0
G10K,51,64,96,139,127,186,455,561,661
G10L,671,851,971,1208,1341,1487,1722,2286,2645
G10N,1,0,2,0,0,0,0,0,0
G10R,1,1,0,0,2,0,0,0,0
G11B,2871,3001,3086,2822,2345,2888,3145,2451,2259
G11C,2845,3352,3362,3284,3490,4074,4782,4951,4696
G11F,0,0,0,1,0,0,0,0,0
G11G,0,0,1,2,0,0,0,0,0
G11H,1,0,0,0,0,0,0,0,0
G11K,1,0,0,0,0,0,0,0,0
G11N,0,1,0,0,0,0,0,0,0
G11R,2,1,1,1,0,0,0,0,0
G11S,0,0,0,0,1,0,0,0,0
G11V,0,1,1,0,0,0,0,0,0
G12B,44,31,15,28,32,32,16,14,5
G12G,1,0,0,0,0,0,0,0,0
G12H,1,0,0,0,0,0,0,0,0
G12M,1,1,0,0,0,0,0,0,0
G12P,0,1,0,0,0,0,0,0,0
G12Q,1,1,0,1,0,0,0,0,0
G15G,0,1,0,0,0,0,0,0,0
G16F,0,1,0,0,1,0,0,0,0
G16G,1,0,0,0,0,0,0,0,0
G16H,0,1,0,0,1,0,0,0,0
G16K,1,1,0,0,0,0,0,0,0
G17C,0,0,0,1,0,0,0,0,0
G19L,0,0,1,0,0,0,0,0,0
G20B,0,0,1,0,0,0,0,0,0
G20F,1,2,1,0,0,0,0,0,0
G20L,1,0,0,0,0,0,0,0,0
G21B,7,6,6,4,4,5,19,26,28
G21C,128,138,145,145,217,269,218,226,272
G21D,3,0,4,6,10,22,48,68,77
G21F,41,63,50,60,60,94,136,148,153
G21G,72,61,43,57,68,79,56,53,46
G21H,8,16,10,11,18,14,21,21,22
G21J,0,0,1,0,0,0,0,1,0
G21K,273,299,215,245,310,359,433,356,332
G21N,1,0,0,1,0,0,0,0,0
G21V,0,0,0,0,1,0,0,0,0
G23K,1,0,0,0,0,0,0,0,0
G26F,0,1,0,0,0,0,0,0,0
G30F,1,0,0,1,0,0,0,0,0
G30G,0,0,1,0,1,0,0,0,0
G31B,1,0,0,0,0,0,0,0,0
G32B,0,0,1,0,0,0,0,0,0
G33B,0,0,1,0,0,0,0,0,0
G33G,0,0,1,0,0,0,0,0,0
G36F,0,0,0,1,0,0,0,0,0
G36K,0,0,0,1,0,0,0,0,0
G39G,0,1,0,0,0,0,0,0,0
G40G,0,0,0,0,1,0,0,0,0
G41J,1,0,0,1,0,0,0,0,0
G50B,0,1,0,0,0,0,0,0,0
G50F,0,0,0,1,0,0,0,0,0
G60B,0,1,0,0,0,0,0,0,0
G60F,4,3,6,5,3,0,0,0,0
G60G,2,1,0,1,0,0,0,0,0
G60K,0,2,0,0,0,0,0,0,0
G60Q,0,0,1,1,3,0,0,0,0
G60R,0,0,1,0,1,0,0,0,0
G60T,0,1,1,0,0,0,0,0,0
G60W,0,1,0,0,0,0,0,0,0
G61K,0,0,1,0,1,0,0,0,0
G62D,0,1,3,0,0,0,0,0,0
G63B,0,0,1,0,0,0,0,0,0
G63F,0,0,1,0,0,0,0,0,0
G65F,1,0,0,0,0,0,0,0,0
G65G,1,0,0,0,0,0,0,0,0
G66F,1,0,2,0,3,0,0,0,0
G66K,0,0,0,2,0,0,0,0,0
G66Q,0,0,2,1,0,0,0,0,0
G80C,0,1,0,0,0,0,0,0,0
G89G,0,0,0,2,0,0,0,0,0
G90G,0,0,0,1,0,0,0,0,0
G91N,0,1,1,0,0,0,0,0,0
G95T,0,0,0,1,0,0,0,0,0
G96F,0,0,0,1,0,0,0,0,0
G98B,1,0,0,1,0,0,0,0,0
G99Z,0,0,0,1,0,0,0,0,0
H00B,0,0,3,0,0,0,0,0,0
H00G,0,1,0,1,0,0,0,0,0
H00J,2,0,0,0,0,0,0,0,0
H00L,3,3,0,0,1,0,0,0,0
H00M,0,0,2,0,0,0,0,0,0
H00R,0,1,1,0,0,0,0,0,0
H01B,437,579,560,586,676,915,1132,1176,1285
H01C,92,152,143,170,148,116,160,184,198
H01D,0,2,0,0,0,0,0,0,0
H01F,383,570,612,692,689,912,1354,1610,1952
H01G,291,355,317,440,458,569,893,984,1011
H01H,822,814,895,1049,977,1157,1441,1473,1569
H01I,2,3,2,1,5,0,0,0,0
H01J,1704,2012,1888,1908,1831,2134,2438,2395,2333
H01K,69,100,101,127,131,115,89,58,36
H01L,11588,15600,15722,14896,17178,20632,21288,21165,21918
H01M,1343,2094,1982,2388,2482,3285,4325,4282,4891
H01N,1,5,3,3,0,0,0,0,0
H01P,307,313,316,319,271,372,576,604,634
H01Q,953,1063,1005,1056,1201,1491,1875,1940,2372
H01R,2386,2875,2647,2282,2236,2457,3186,3682,3788
H01S,721,915,746,688,721,991,1160,1065,1157
H01T,61,112,129,140,137,195,209,211,239
H01V,0,1,0,0,0,0,0,0,0
H02B,84,135,149,168,197,237,266,336,298
H02C,0,0,1,0,0,0,0,0,0
H02F,1,0,1,0,0,0,0,0,0
H02G,240,279,242,309,321,515,849,1029,1105
H02H,615,704,710,711,778,881,948,948,1059
H02J,721,966,942,1245,1173,1721,3159,3971,4590
H02K,928,1141,1129,1094,1176,1362,1692,1794,2242
H02L,3,2,2,0,1,0,0,0,0
H02M,458,554,567,624,795,1331,2272,2900,3383
H02N,120,191,196,191,208,259,320,346,408
H02P,635,665,776,944,935,1118,1383,1345,1612
H02Q,1,0,0,0,0,0,0,0,0
H02R,1,2,1,2,1,0,0,0,0
H02S,0,0,0,0,0,10,232,357,522
H02T,0,0,0,1,0,0,0,0,0
H02V,0,0,0,1,0,0,0,0,0
H03B,324,392,356,350,408,480,428,537,351
H03C,71,113,137,148,132,155,120,77,77
H03D,301,331,288,387,363,336,369,255,171
H03F,665,704,634,602,596,791,1120,1175,1271
H03G,177,188,207,334,248,392,636,631,701
H03H,499,498,503,545,523,776,1099,981,1007
H03J,13,15,11,13,15,36,82,64,55
H03K,1458,1846,1589,1386,1672,2078,2626,2869,2861
H03L,529,667,622,564,636,791,761,879,707
H03M,1277,1424,1408,1506,1740,1819,2060,1907,1851
H03N,1,0,1,2,0,0,0,0,0
H03R,0,1,0,3,0,0,0,0,0
H03S,0,0,0,1,0,0,0,0,0
H04B,4121,5128,5729,7227,7529,8703,9984,9630,10717
H04C,1,1,3,2,1,0,0,0,0
H04D,3,2,2,1,0,0,0,0,0
H04E,0,0,0,0,1,0,0,0,0
H04F,2,3,1,0,2,0,0,0,0
H04G,1,1,0,0,0,0,0,0,0
H04H,223,347,339,460,524,838,1008,850,866
H04I,0,1,0,0,0,0,0,0,0
H04J,2011,2729,2599,2868,2964,3370,2932,2447,2538
H04K,648,701,746,803,853,705,456,317,300
H04L,6087,7946,7958,8854,10287,17770,27218,29584,32905
H04M,2181,2637,3403,4459,4793,5502,6114,6002,6229
H04N,4964,6411,6825,9545,10150,13994,17094,16987,17996
H04O,0,0,0,1,0,0,0,0,0
H04Q,1374,876,945,952,943,968,1210,1172,1283
H04R,616,815,1101,1877,1465,1637,2213,2829,3148
H04S,0,2,4,2,3,95,281,406,586
H04W,936,2052,3113,4830,6196,10810,16243,18441,20776
H05B,777,1040,1169,1513,1808,2360,3193,3324,3369
H05C,5,2,3,4,7,4,5,3,8
H05D,1,0,0,0,1,0,0,0,0
H05F,26,38,49,35,50,55,69,51,67
H05G,218,237,194,176,201,270,283,249,293
H05H,98,133,145,149,176,285,361,393,391
H05J,2,0,2,5,0,0,0,0,0
H05K,1789,2077,2326,2598,2692,3278,4335,4709,4981
H05L,0,1,0,2,2,0,0,0,0
H05M,0,0,1,0,0,0,0,0,0
H05N,0,1,1,0,0,0,0,0,0
H05R,1,2,1,0,1,0,0,0,0
H06F,2,4,5,4,16,0,0,0,0
H06G,0,0,1,0,0,0,0,0,0
H06J,1,0,1,1,0,0,0,0,0
H06K,1,1,2,1,2,0,0,0,0
H06L,0,1,0,1,2,0,0,0,0
H06M,0,0,0,1,0,0,0,0,0
H06N,2,0,0,2,1,0,0,0,0
H06Q,0,0,1,1,0,0,0,0,0
H06W,1,0,0,0,0,0,0,0,0
H07C,0,0,1,0,0,0,0,0,0
H07N,0,0,0,1,0,0,0,0,0
H07Q,2,0,1,0,1,0,0,0,0
H08B,0,1,0,0,0,0,0,0,0
H08C,0,1,0,1,0,0,0,0,0
H09F,1,0,0,0,0,0,0,0,0
H09H,0,0,0,1,0,0,0,0,0
H09L,0,1,0,0,0,0,0,0,0
H09N,0,0,0,1,0,0,0,0,0
H10L,3,2,0,0,2,0,0,0,0
H10M,0,4,1,0,0,0,0,0,0
H10Q,0,1,0,0,0,0,0,0,0
H10R,3,1,0,0,0,0,0,0,0
H11B,0,0,1,1,0,0,0,0,0
H11H,0,1,0,0,0,0,0,0,0
H11L,0,0,2,0,0,0,0,0,0
H11M,0,0,0,0,1,0,0,0,0
H11P,0,1,0,0,0,0,0,0,0
H16C,0,0,1,0,0,0,0,0,0
H17R,0,1,0,0,0,0,0,0,0
H18H,0,1,0,0,0,0,0,0,0
H20B,0,0,1,0,0,0,0,0,0
H20H,0,0,1,1,0,0,0,0,0
H20J,0,0,1,0,0,0,0,0,0
H20K,3,1,1,1,0,0,0,0,0
H20M,0,0,1,0,0,0,0,0,0
H20P,9,6,5,2,0,0,0,0,0
H21L,1,0,0,0,0,0,0,0,0
H22K,0,0,0,1,0,0,0,0,0
H22P,0,0,0,1,0,0,0,0,0
H23K,0,0,0,0,1,0,0,0,0
H23Q,0,0,0,0,1,0,0,0,0
H24H,0,1,0,0,0,0,0,0,0
H24J,0,1,0,0,0,0,0,0,0
H24L,0,1,0,1,0,0,0,0,0
H25K,0,1,0,0,0,0,0,0,0
H28F,1,0,0,0,0,0,0,0,0
H30F,1,0,0,0,0,0,0,0,0
H30L,0,0,0,0,1,0,0,0,0
H30M,1,0,0,0,1,0,0,0,0
H31L,0,0,1,0,0,0,0,0,0
H32B,0,0,1,0,0,0,0,0,0
H40B,1,0,0,0,0,0,0,0,0
H40K,0,0,0,0,1,0,0,0,0
H40L,0,1,0,0,0,0,0,0,0
H40N,2,0,1,1,0,0,0,0,0
H41M,0,1,0,0,0,0,0,0,0
H44M,0,0,0,1,0,0,0,0,0
H45K,0,0,1,0,0,0,0,0,0
H47J,1,0,0,0,0,0,0,0,0
H54Q,1,0,0,0,0,0,0,0,0
H63B,1,0,0,0,0,0,0,0,0
H63H,0,0,0,1,0,0,0,0,0
H64M,0,1,0,0,0,0,0,0,0
H65H,0,0,1,0,0,0,0,0,0
H74N,0,0,1,0,0,0,0,0,0
H91L,0,0,0,0,1,0,0,0,0
H92M,0,0,1,0,0,0,0,0,0
H93G,0,0,1,0,0,0,0,0,0
H93M,1,0,0,0,0,0,0,0,0
H94B,1,0,0,0,1,0,0,0,0
H94M,0,0,2,0,0,0,0,0,0
H94N,0,1,0,0,1,0,0,0,0
H95K,0,1,0,0,0,0,0,0,0
J01L,1,0,1,0,0,0,0,0,0
J04N,0,0,1,1,0,0,0,0,0
J05F,0,1,0,0,0,0,0,0,0
J06K,0,1,0,0,0,0,0,0,0
K04N,0,0,1,0,0,0,0,0,0
K05K,1,1,0,0,0,0,0,0,0
L01L,0,0,1,0,0,0,0,0,0
L08J,0,0,0,0,2,0,0,0,0
M03M,0,1,0,0,0,0,0,0,0
M04M,0,0,0,1,0,0,0,0,0
N01J,0,0,1,0,0,0,0,0,0
N01L,0,0,0,1,0,0,0,0,0
N04B,0,0,1,0,0,0,0,0,0
N04H,0,0,0,2,0,0,0,0,0
N04N,0,1,0,6,1,0,0,0,0
N12N,0,0,0,1,0,0,0,0,0
O40B,1,0,0,0,0,0,0,0,0
P23P,0,0,0,1,0,0,0,0,0
Q01C,0,0,0,1,0,0,0,0,0
Q06F,0,2,0,0,0,0,0,0,0
Q06Q,1,2,0,1,1,0,0,0,0
Q07B,0,1,0,0,0,0,0,0,0
Q12Q,1,0,1,0,0,0,0,0,0
R01R,0,0,2,1,0,0,0,0,0
R11C,0,1,0,0,0,0,0,0,0
R21V,0,1,0,0,0,0,0,0,0
R32B,0,0,0,0,1,0,0,0,0
S21D,0,0,0,1,0,0,0,0,0
S21V,0,0,0,1,0,0,0,0,0
V07C,0,1,0,0,0,0,0,0,0
V07H,0,0,1,0,0,0,0,0,0
W04W,1,0,0,0,0,0,0,0,0
Y02E,0,0,0,0,3,0,0,0,0
